project_id,project_name,category,status,budget_idr,budget_raw,contractor,funding_scheme,pjpk,province,regency,latitude,longitude,geocode_method,source_url,source_name,scraped_at,created_at,updated_at,unor,balai,fiscal_year,progress,bim_viewer_url,bim_uuid
3ac2d5f51f094742,ABD ABSAH Desa Tacim,Water,Construction,,,,APBN,Kementerian Pekerjaan Umum dan Perumahan Rakyat,,,,,unresolved,https://bim.pu.go.id/df71ba5e-5640-473e-a164-88306b1cc725,Kementerian PU (BIM),2026-09-18T11:47:07.526459,2026-09-18 07:19:43,2026-09-18 11:49:52,Sumber Daya Air,,,,https://bim.pu.go.id/df71ba5e-5640-473e-a164-88306b1cc725,df71ba5e-5640-473e-a164-88306b1cc725
c876558964dea37a,ABD ABSAH Desa Taraudu,Water,Construction,,,,APBN,Kementerian Pekerjaan Umum dan Perumahan Rakyat,,,,,unresolved,https://bim.pu.go.id/f87c02a8-5d2e-4678-9eb7-de4a011fec81,Kementerian PU (BIM),2026-09-18T11:47:07.526459,2026-09-18 07:19:43,2026-09-18 11:49:52,Sumber Daya Air,,,,https://bim.pu.go.id/f87c02a8-5d2e-4678-9eb7-de4a011fec81,f87c02a8-5d2e-4678-9eb7-de4a011fec81
210d3b39ba7f0b6d,ABD ABSAH Desa Worat-Worat,Water,Construction,,,,APBN,Kementerian Pekerjaan Umum dan Perumahan Rakyat,,,,,unresolved,https://bim.pu.go.id/7d419ba1-578e-4796-b125-9dec8d37c443,Kementerian PU (BIM),2026-09-18T11:47:07.526459,2026-09-18 07:19:43,2026-09-18 11:49:52,Sumber Daya Air,,,,https://bim.pu.go.id/7d419ba1-578e-4796-b125-9dec8d37c443,7d419ba1-578e-4796-b125-9dec8d37c443
52d496c4e2414b8f,ABD BOX CULVERT BEKUAN - PEMBANGUNAN JEMBATAN TEMAJUK - BADAU II,Transport,Construction,,,,APBN,Kementerian Pekerjaan Umum dan Perumahan Rakyat,,,,,unresolved,https://bim.pu.go.id/de6e7471-236e-42d4-a17d-3e51ff9c746b,Kementerian PU (BIM),2026-09-18T11:47:07.526459,2026-09-18 07:19:43,2026-09-18 11:49:52,Bina Marga,,,,https://bim.pu.go.id/de6e7471-236e-42d4-a17d-3e51ff9c746b,de6e7471-236e-42d4-a17d-3e51ff9c746b
bfa4dbcee4853b5e,ABD BOX PASIEN 1,Transport,Construction,,,,APBN,Kementerian Pekerjaan Umum dan Perumahan Rakyat,,,,,unresolved,https://bim.pu.go.id/bfd85694-3f51-4d36-8423-d6cc04c36c33,Kementerian PU (BIM),2026-09-18T11:47:07.526459,2026-09-18 07:19:43,2026-09-18 11:49:52,Bina Marga,,,,https://bim.pu.go.id/bfd85694-3f51-4d36-8423-d6cc04c36c33,bfd85694-3f51-4d36-8423-d6cc04c36c33
07f83600530b3584,ABD Bendungan Benel,Water,Construction,,,,APBN,Kementerian Pekerjaan Umum dan Perumahan Rakyat,,,,,unresolved,https://bim.pu.go.id/669afda0-f149-4e9c-b636-27e8412b2cc5,Kementerian PU (BIM),2026-09-18T11:47:07.526459,2026-09-18 07:19:43,2026-09-18 11:49:52,Sumber Daya Air,,,,https://bim.pu.go.id/669afda0-f149-4e9c-b636-27e8412b2cc5,669afda0-f149-4e9c-b636-27e8412b2cc5
db7bdf7f3a429c1d,ABD Bendungan Darma,Water,Construction,,,,APBN,Kementerian Pekerjaan Umum dan Perumahan Rakyat,,,,,unresolved,https://bim.pu.go.id/8edc1c44-d89e-44ca-aa85-1225dc84067b,Kementerian PU (BIM),2026-09-18T11:47:07.526459,2026-09-18 07:19:43,2026-09-18 11:49:52,Sumber Daya Air,,,,https://bim.pu.go.id/8edc1c44-d89e-44ca-aa85-1225dc84067b,8edc1c44-d89e-44ca-aa85-1225dc84067b
7bef11ed49b3aedd,ABD Bendungan Greneng,Water,Construction,,,,APBN,Kementerian Pekerjaan Umum dan Perumahan Rakyat,,,,,unresolved,https://bim.pu.go.id/6053e2c3-bcc0-43b2-8cfc-2ee4855aee86,Kementerian PU (BIM),2026-09-18T11:47:07.526459,2026-09-18 07:19:43,2026-09-18 11:49:52,Sumber Daya Air,,,,https://bim.pu.go.id/6053e2c3-bcc0-43b2-8cfc-2ee4855aee86,6053e2c3-bcc0-43b2-8cfc-2ee4855aee86
0d49edede2b5bded,ABD Bendungan Lempake,Water,Construction,,,,APBN,Kementerian Pekerjaan Umum dan Perumahan Rakyat,,,,,unresolved,https://bim.pu.go.id/7f9cb84e-e00b-4777-ae65-329ff3de295c,Kementerian PU (BIM),2026-09-18T11:47:07.526459,2026-09-18 07:19:43,2026-09-18 11:49:52,Sumber Daya Air,,,,https://bim.pu.go.id/7f9cb84e-e00b-4777-ae65-329ff3de295c,7f9cb84e-e00b-4777-ae65-329ff3de295c
3f8e2084ed4a278d,ABD Bendungan Malahayu,Water,Construction,,,,APBN,Kementerian Pekerjaan Umum dan Perumahan Rakyat,,,,,unresolved,https://bim.pu.go.id/cbd82918-69f9-4c76-8409-ba76ae172ae5,Kementerian PU (BIM),2026-09-18T11:47:07.526459,2026-09-18 07:19:43,2026-09-18 11:49:52,Sumber Daya Air,,,,https://bim.pu.go.id/cbd82918-69f9-4c76-8409-ba76ae172ae5,cbd82918-69f9-4c76-8409-ba76ae172ae5
0559d203151a69c2,ABD Bendungan Ranca Beureum,Water,Construction,,,,APBN,Kementerian Pekerjaan Umum dan Perumahan Rakyat,,,,,unresolved,https://bim.pu.go.id/8e89262f-51ec-44b3-96a1-9d5b32653d0d,Kementerian PU (BIM),2026-09-18T11:47:07.526459,2026-09-18 07:19:43,2026-09-18 11:49:52,Sumber Daya Air,,,,https://bim.pu.go.id/8e89262f-51ec-44b3-96a1-9d5b32653d0d,8e89262f-51ec-44b3-96a1-9d5b32653d0d
3eb95ef11998ec53,ABD Bendungan Sukamahi,Water,Construction,,,,APBN,Kementerian Pekerjaan Umum dan Perumahan Rakyat,,,,,unresolved,https://bim.pu.go.id/ca9920c3-fa0b-4b9a-9921-63a0f6e322dd,Kementerian PU (BIM),2026-09-18T11:47:07.526459,2026-09-18 07:19:43,2026-09-18 11:49:52,Sumber Daya Air,,,,https://bim.pu.go.id/ca9920c3-fa0b-4b9a-9921-63a0f6e322dd,ca9920c3-fa0b-4b9a-9921-63a0f6e322dd
58d6ec0c00cea6f0,ABD Box Sei Pasien 2,Transport,Construction,,,,APBN,Kementerian Pekerjaan Umum dan Perumahan Rakyat,,,,,unresolved,https://bim.pu.go.id/3672fd21-04e7-4d43-be5f-56b6d2b10850,Kementerian PU (BIM),2026-09-18T11:47:07.526459,2026-09-18 07:19:43,2026-09-18 11:49:52,Bina Marga,,,,https://bim.pu.go.id/3672fd21-04e7-4d43-be5f-56b6d2b10850,3672fd21-04e7-4d43-be5f-56b6d2b10850
930eac95b2c2c7e6,ABD Duplikasi Jembatan Peureulak,Transport,Construction,,,,APBN,Kementerian Pekerjaan Umum dan Perumahan Rakyat,,,,,unresolved,https://bim.pu.go.id/b72ead79-555c-47cc-96bc-ca2964074d62,Kementerian PU (BIM),2026-09-18T11:47:07.526459,2026-09-18 07:19:43,2026-09-18 11:49:52,Bina Marga,,,,https://bim.pu.go.id/b72ead79-555c-47cc-96bc-ca2964074d62,b72ead79-555c-47cc-96bc-ca2964074d62
b44e1e6ce932612a,ABD Embung Baturapa,Water,Construction,,,,APBN,Kementerian Pekerjaan Umum dan Perumahan Rakyat,,,,,unresolved,https://bim.pu.go.id/a0d53ff9-4991-41fe-aa47-bcc66c0142dc,Kementerian PU (BIM),2026-09-18T11:47:07.526459,2026-09-18 07:19:43,2026-09-18 11:49:52,Sumber Daya Air,,,,https://bim.pu.go.id/a0d53ff9-4991-41fe-aa47-bcc66c0142dc,a0d53ff9-4991-41fe-aa47-bcc66c0142dc
98c953ea760a93c5,ABD Embung Bontoala,Water,Construction,,,,APBN,Kementerian Pekerjaan Umum dan Perumahan Rakyat,,,,,unresolved,https://bim.pu.go.id/ecc5f3ff-11f1-4c45-8fec-8b1f1c8741f8,Kementerian PU (BIM),2026-09-18T11:47:07.526459,2026-09-18 07:19:43,2026-09-18 11:49:52,Sumber Daya Air,,,,https://bim.pu.go.id/ecc5f3ff-11f1-4c45-8fec-8b1f1c8741f8,ecc5f3ff-11f1-4c45-8fec-8b1f1c8741f8
21eff81e57ed5400,ABD Embung Jetis,Water,Construction,,,,APBN,Kementerian Pekerjaan Umum dan Perumahan Rakyat,,,,,unresolved,https://bim.pu.go.id/b757716d-88bf-419c-8318-1eb531a36491,Kementerian PU (BIM),2026-09-18T11:47:07.526459,2026-09-18 07:19:43,2026-09-18 11:49:52,Sumber Daya Air,,,,https://bim.pu.go.id/b757716d-88bf-419c-8318-1eb531a36491,b757716d-88bf-419c-8318-1eb531a36491
e726521c16ce6829,ABD Embung Kelara,Water,Construction,,,,APBN,Kementerian Pekerjaan Umum dan Perumahan Rakyat,,,,,unresolved,https://bim.pu.go.id/8a073be1-f36b-4835-b89d-52959a3a816f,Kementerian PU (BIM),2026-09-18T11:47:07.526459,2026-09-18 07:19:43,2026-09-18 11:49:52,Sumber Daya Air,,,,https://bim.pu.go.id/8a073be1-f36b-4835-b89d-52959a3a816f,8a073be1-f36b-4835-b89d-52959a3a816f
c72fe5471d847c37,ABD Embung Meronggang Raya,Water,Construction,,,,APBN,Kementerian Pekerjaan Umum dan Perumahan Rakyat,,,,,unresolved,https://bim.pu.go.id/09bef48d-69e8-4da8-bd00-271142cc431c,Kementerian PU (BIM),2026-09-18T11:47:07.526459,2026-09-18 07:19:43,2026-09-18 11:49:52,Sumber Daya Air,,,,https://bim.pu.go.id/09bef48d-69e8-4da8-bd00-271142cc431c,09bef48d-69e8-4da8-bd00-271142cc431c
3b543a806289002c,ABD Embung Musuk,Water,Construction,,,,APBN,Kementerian Pekerjaan Umum dan Perumahan Rakyat,,,,,unresolved,https://bim.pu.go.id/41e3cd2e-0299-4426-8dd2-af90a9babd00,Kementerian PU (BIM),2026-09-18T11:47:07.526459,2026-09-18 07:19:43,2026-09-18 11:49:52,Sumber Daya Air,,,,https://bim.pu.go.id/41e3cd2e-0299-4426-8dd2-af90a9babd00,41e3cd2e-0299-4426-8dd2-af90a9babd00
29d1672120e2f5a3,ABD Embung Plumbungan,Water,Construction,,,,APBN,Kementerian Pekerjaan Umum dan Perumahan Rakyat,,,,,unresolved,https://bim.pu.go.id/0e082554-4be4-44f1-a4e9-d73cd11acbad,Kementerian PU (BIM),2026-09-18T11:47:07.526459,2026-09-18 07:19:43,2026-09-18 11:49:52,Sumber Daya Air,,,,https://bim.pu.go.id/0e082554-4be4-44f1-a4e9-d73cd11acbad,0e082554-4be4-44f1-a4e9-d73cd11acbad
10c8c9a4bd178513,ABD Embung Salulotong,Water,Construction,,,,APBN,Kementerian Pekerjaan Umum dan Perumahan Rakyat,,,,,unresolved,https://bim.pu.go.id/e28d8164-9583-48e9-9fcb-d9ee259a7fd3,Kementerian PU (BIM),2026-09-18T11:47:07.526459,2026-09-18 07:19:43,2026-09-18 11:49:52,Sumber Daya Air,,,,https://bim.pu.go.id/e28d8164-9583-48e9-9fcb-d9ee259a7fd3,e28d8164-9583-48e9-9fcb-d9ee259a7fd3
719274ccb92e7831,ABD Embung Sambasule,Water,Construction,,,,APBN,Kementerian Pekerjaan Umum dan Perumahan Rakyat,,,,,unresolved,https://bim.pu.go.id/cd954c23-75a7-48ea-bbd7-5ed38a30a10d,Kementerian PU (BIM),2026-09-18T11:47:07.526459,2026-09-18 07:19:43,2026-09-18 11:49:52,Sumber Daya Air,,,,https://bim.pu.go.id/cd954c23-75a7-48ea-bbd7-5ed38a30a10d,cd954c23-75a7-48ea-bbd7-5ed38a30a10d
a21556a57242e6fe,ABD Embung Sempaja,Water,Construction,,,,APBN,Kementerian Pekerjaan Umum dan Perumahan Rakyat,,,,,unresolved,https://bim.pu.go.id/756c1139-0b4e-46b1-8220-4524de5ed0aa,Kementerian PU (BIM),2026-09-18T11:47:07.526459,2026-09-18 07:19:43,2026-09-18 11:49:52,Sumber Daya Air,,,,https://bim.pu.go.id/756c1139-0b4e-46b1-8220-4524de5ed0aa,756c1139-0b4e-46b1-8220-4524de5ed0aa
065c10dfa15cf80f,ABD Embung Sumber,Water,Construction,,,,APBN,Kementerian Pekerjaan Umum dan Perumahan Rakyat,,,,,unresolved,https://bim.pu.go.id/427335ab-6887-4f7d-a975-146ef7d00ea6,Kementerian PU (BIM),2026-09-18T11:47:07.526459,2026-09-18 07:19:43,2026-09-18 11:49:52,Sumber Daya Air,,,,https://bim.pu.go.id/427335ab-6887-4f7d-a975-146ef7d00ea6,427335ab-6887-4f7d-a975-146ef7d00ea6
cb7a73b43cc51b41,ABD Embung Sumber Rejeki,Water,Construction,,,,APBN,Kementerian Pekerjaan Umum dan Perumahan Rakyat,,,,,unresolved,https://bim.pu.go.id/8ee3722a-eaff-409e-baed-694316281759,Kementerian PU (BIM),2026-09-18T11:47:07.526459,2026-09-18 07:19:43,2026-09-18 11:49:52,Sumber Daya Air,,,,https://bim.pu.go.id/8ee3722a-eaff-409e-baed-694316281759,8ee3722a-eaff-409e-baed-694316281759
e8b0fa0db66efbd4,ABD Embung Tinondo,Water,Construction,,,,APBN,Kementerian Pekerjaan Umum dan Perumahan Rakyat,,,,,unresolved,https://bim.pu.go.id/ad23face-7895-4737-a162-e5242f298903,Kementerian PU (BIM),2026-09-18T11:47:07.526459,2026-09-18 07:19:43,2026-09-18 11:49:52,Sumber Daya Air,,,,https://bim.pu.go.id/ad23face-7895-4737-a162-e5242f298903,ad23face-7895-4737-a162-e5242f298903
c50e8f80f280152e,ABD Embung Tondowatu,Water,Construction,,,,APBN,Kementerian Pekerjaan Umum dan Perumahan Rakyat,,,,,unresolved,https://bim.pu.go.id/e8a0d2b9-c36b-4320-af49-b5de0174ddc0,Kementerian PU (BIM),2026-09-18T11:47:07.526459,2026-09-18 07:19:43,2026-09-18 11:49:52,Sumber Daya Air,,,,https://bim.pu.go.id/e8a0d2b9-c36b-4320-af49-b5de0174ddc0,e8a0d2b9-c36b-4320-af49-b5de0174ddc0
8f849fa6145fe4cf,ABD Embung Wanayasa,Water,Construction,,,,APBN,Kementerian Pekerjaan Umum dan Perumahan Rakyat,,,,,unresolved,https://bim.pu.go.id/9a126422-f72d-4a69-bee7-023ae37eb0f5,Kementerian PU (BIM),2026-09-18T11:47:07.526459,2026-09-18 07:19:43,2026-09-18 11:49:52,Sumber Daya Air,,,,https://bim.pu.go.id/9a126422-f72d-4a69-bee7-023ae37eb0f5,9a126422-f72d-4a69-bee7-023ae37eb0f5
70af2be05a2b7dbd,ABD Embung Wolulu,Water,Construction,,,,APBN,Kementerian Pekerjaan Umum dan Perumahan Rakyat,,,,,unresolved,https://bim.pu.go.id/b9dc27ae-6dcb-49bd-885d-9fc86001ec60,Kementerian PU (BIM),2026-09-18T11:47:07.526459,2026-09-18 07:19:43,2026-09-18 11:49:52,Sumber Daya Air,,,,https://bim.pu.go.id/b9dc27ae-6dcb-49bd-885d-9fc86001ec60,b9dc27ae-6dcb-49bd-885d-9fc86001ec60
4f770305abd65057,ABD GEDUNG TEKNIK KIMIA POLITEKNIK NEGERI UJUNG PANDANG,Housing,Construction,,,,APBN,Kementerian Pekerjaan Umum dan Perumahan Rakyat,,,,,unresolved,https://bim.pu.go.id/a36b0cc5-0249-44b9-aeec-5fdc5bd6a146,Kementerian PU (BIM),2026-09-18T11:47:07.526459,2026-09-18 07:19:43,2026-09-18 11:49:52,Cipta Karya,,,,https://bim.pu.go.id/a36b0cc5-0249-44b9-aeec-5fdc5bd6a146,a36b0cc5-0249-44b9-aeec-5fdc5bd6a146
1a27238b488dafc9,ABD JEMBATAN AKE AHA II,Transport,Construction,,,,APBN,Kementerian Pekerjaan Umum dan Perumahan Rakyat,,,,,unresolved,https://bim.pu.go.id/dfecd6c6-3369-4c58-8bdb-a9dd1666227f,Kementerian PU (BIM),2026-09-18T11:47:07.526459,2026-09-18 07:19:43,2026-09-18 11:49:52,Bina Marga,,,,https://bim.pu.go.id/dfecd6c6-3369-4c58-8bdb-a9dd1666227f,dfecd6c6-3369-4c58-8bdb-a9dd1666227f
ace4ad8fe4c6db2a,ABD JEMBATAN LAMBUK,Transport,Construction,,,,APBN,Kementerian Pekerjaan Umum dan Perumahan Rakyat,,,,,unresolved,https://bim.pu.go.id/73f59a96-8750-4c3a-8c9f-5e075c5fd3c6,Kementerian PU (BIM),2026-09-18T11:47:07.526459,2026-09-18 07:19:43,2026-09-18 11:49:52,Bina Marga,,,,https://bim.pu.go.id/73f59a96-8750-4c3a-8c9f-5e075c5fd3c6,73f59a96-8750-4c3a-8c9f-5e075c5fd3c6
2882b12df8b94f0f,ABD JEMBATAN MAPALEKAK,Transport,Construction,,,,APBN,Kementerian Pekerjaan Umum dan Perumahan Rakyat,,,,,unresolved,https://bim.pu.go.id/bf47dca4-32f6-41ca-ad91-f9e7714100bb,Kementerian PU (BIM),2026-09-18T11:47:07.526459,2026-09-18 07:19:43,2026-09-18 11:49:52,Bina Marga,,,,https://bim.pu.go.id/bf47dca4-32f6-41ca-ad91-f9e7714100bb,bf47dca4-32f6-41ca-ad91-f9e7714100bb
69c45760f5e08d80,ABD JEMBATAN NANGA ERA BATAS KALTIМ,Transport,Construction,,,,APBN,Kementerian Pekerjaan Umum dan Perumahan Rakyat,,,,,unresolved,https://bim.pu.go.id/25b5407c-fc82-4ef3-8c65-415810319d23,Kementerian PU (BIM),2026-09-18T11:47:07.526459,2026-09-18 07:19:43,2026-09-18 11:49:52,Bina Marga,,,,https://bim.pu.go.id/25b5407c-fc82-4ef3-8c65-415810319d23,25b5407c-fc82-4ef3-8c65-415810319d23
5e3db318067c32cf,ABD JEMBATAN PAKUKU 2,Transport,Construction,,,,APBN,Kementerian Pekerjaan Umum dan Perumahan Rakyat,,,,,unresolved,https://bim.pu.go.id/4c777c87-5ce1-45db-8934-6e77d92e34b2,Kementerian PU (BIM),2026-09-18T11:47:07.526459,2026-09-18 07:19:43,2026-09-18 11:49:52,Bina Marga,,,,https://bim.pu.go.id/4c777c87-5ce1-45db-8934-6e77d92e34b2,4c777c87-5ce1-45db-8934-6e77d92e34b2
0f28952f4c7a8bac,ABD JEMBATAN PEJAGAAN,Transport,Construction,,,,APBN,Kementerian Pekerjaan Umum dan Perumahan Rakyat,,,,,unresolved,https://bim.pu.go.id/9cf787c4-4ee2-4207-9057-9030960d4cfd,Kementerian PU (BIM),2026-09-18T11:47:07.526459,2026-09-18 07:19:43,2026-09-18 11:49:52,Bina Marga,,,,https://bim.pu.go.id/9cf787c4-4ee2-4207-9057-9030960d4cfd,9cf787c4-4ee2-4207-9057-9030960d4cfd
514fdec5d68faf82,ABD JEMBATAN PENERADAN - A,Transport,Construction,,,,APBN,Kementerian Pekerjaan Umum dan Perumahan Rakyat,,,,,unresolved,https://bim.pu.go.id/a4552444-fff5-49d8-a9a8-dcc7ce47ddce,Kementerian PU (BIM),2026-09-18T11:47:07.526459,2026-09-18 07:19:43,2026-09-18 11:49:52,Bina Marga,,,,https://bim.pu.go.id/a4552444-fff5-49d8-a9a8-dcc7ce47ddce,a4552444-fff5-49d8-a9a8-dcc7ce47ddce
753b6659e3388b76,ABD JEMBATAN PENIGEN,Transport,Construction,,,,APBN,Kementerian Pekerjaan Umum dan Perumahan Rakyat,,,,,unresolved,https://bim.pu.go.id/e05cf7f3-f6a9-4a9d-9227-5949228ad478,Kementerian PU (BIM),2026-09-18T11:47:07.526459,2026-09-18 07:19:43,2026-09-18 11:49:52,Bina Marga,,,,https://bim.pu.go.id/e05cf7f3-f6a9-4a9d-9227-5949228ad478,e05cf7f3-f6a9-4a9d-9227-5949228ad478
9f64c5b684503e5e,ABD JEMBATAN SALORE,Transport,Construction,,,,APBN,Kementerian Pekerjaan Umum dan Perumahan Rakyat,,,,,unresolved,https://bim.pu.go.id/8d921d1b-9f9d-41a1-8ff6-e387da48135d,Kementerian PU (BIM),2026-09-18T11:47:07.526459,2026-09-18 07:19:43,2026-09-18 11:49:52,Bina Marga,,,,https://bim.pu.go.id/8d921d1b-9f9d-41a1-8ff6-e387da48135d,8d921d1b-9f9d-41a1-8ff6-e387da48135d
5ddfe75e03b433b9,ABD JEMBATAN SEI BELINDANG,Transport,Construction,,,,APBN,Kementerian Pekerjaan Umum dan Perumahan Rakyat,,,,,unresolved,https://bim.pu.go.id/ecd41f8c-7c2b-49d7-a751-b065c0cb6add,Kementerian PU (BIM),2026-09-18T11:47:07.526459,2026-09-18 07:19:43,2026-09-18 11:49:52,Bina Marga,,,,https://bim.pu.go.id/ecd41f8c-7c2b-49d7-a751-b065c0cb6add,ecd41f8c-7c2b-49d7-a751-b065c0cb6add
0fb2ebcad50285ff,ABD JEMBATAN SEI MANGUPEН,Transport,Construction,,,,APBN,Kementerian Pekerjaan Umum dan Perumahan Rakyat,,,,,unresolved,https://bim.pu.go.id/90b3943c-e5bc-43e1-a711-92782d074550,Kementerian PU (BIM),2026-09-18T11:47:07.526459,2026-09-18 07:19:43,2026-09-18 11:49:52,Bina Marga,,,,https://bim.pu.go.id/90b3943c-e5bc-43e1-a711-92782d074550,90b3943c-e5bc-43e1-a711-92782d074550
5ac20b1b2e1ccaed,ABD JEMBATAN SEI. MANGUPEН,Transport,Construction,,,,APBN,Kementerian Pekerjaan Umum dan Perumahan Rakyat,,,,,unresolved,https://bim.pu.go.id/1bd6c250-b9f7-43cc-abc4-b7002e346313,Kementerian PU (BIM),2026-09-18T11:47:07.526459,2026-09-18 07:19:43,2026-09-18 11:49:52,Bina Marga,,,,https://bim.pu.go.id/1bd6c250-b9f7-43cc-abc4-b7002e346313,1bd6c250-b9f7-43cc-abc4-b7002e346313
9c229c14d28dcb1d,ABD JEMBATAN TETA,Transport,Construction,,,,APBN,Kementerian Pekerjaan Umum dan Perumahan Rakyat,,,,,unresolved,https://bim.pu.go.id/dc8645bb-5241-473e-b27d-dac512e661f1,Kementerian PU (BIM),2026-09-18T11:47:07.526459,2026-09-18 07:19:43,2026-09-18 11:49:52,Bina Marga,,,,https://bim.pu.go.id/dc8645bb-5241-473e-b27d-dac512e661f1,dc8645bb-5241-473e-b27d-dac512e661f1
14cf31a5213258a4,ABD JEMBATAN W TIPO,Transport,Construction,,,,APBN,Kementerian Pekerjaan Umum dan Perumahan Rakyat,,,,,unresolved,https://bim.pu.go.id/70d47341-0811-4e92-a9cd-e74b2706a6c2,Kementerian PU (BIM),2026-09-18T11:47:07.526459,2026-09-18 07:19:43,2026-09-18 11:49:52,Bina Marga,,,,https://bim.pu.go.id/70d47341-0811-4e92-a9cd-e74b2706a6c2,70d47341-0811-4e92-a9cd-e74b2706a6c2
b1ae1abd9315a295,ABD Jembatan Air Sirah,Transport,Construction,,,,APBN,Kementerian Pekerjaan Umum dan Perumahan Rakyat,,,,,unresolved,https://bim.pu.go.id/25edb927-e419-44ed-9445-5f9903a285de,Kementerian PU (BIM),2026-09-18T11:47:07.526459,2026-09-18 07:19:43,2026-09-18 11:49:52,Bina Marga,,,,https://bim.pu.go.id/25edb927-e419-44ed-9445-5f9903a285de,25edb927-e419-44ed-9445-5f9903a285de
495eede4916d0753,ABD Jembatan Ake Dodoro 1,Transport,Construction,,,,APBN,Kementerian Pekerjaan Umum dan Perumahan Rakyat,,,,,unresolved,https://bim.pu.go.id/dc20be58-c043-4980-b0aa-c1edcd6e05c5,Kementerian PU (BIM),2026-09-18T11:47:07.526459,2026-09-18 07:19:43,2026-09-18 11:49:52,Bina Marga,,,,https://bim.pu.go.id/dc20be58-c043-4980-b0aa-c1edcd6e05c5,dc20be58-c043-4980-b0aa-c1edcd6e05c5
4b73c0f4ff930e6f,ABD Jembatan Ake Taba VI,Transport,Construction,,,,APBN,Kementerian Pekerjaan Umum dan Perumahan Rakyat,,,,,unresolved,https://bim.pu.go.id/c6f05187-19a9-48e0-b7aa-dab791bb2ff3,Kementerian PU (BIM),2026-09-18T11:47:07.526459,2026-09-18 07:19:43,2026-09-18 11:49:52,Bina Marga,,,,https://bim.pu.go.id/c6f05187-19a9-48e0-b7aa-dab791bb2ff3,c6f05187-19a9-48e0-b7aa-dab791bb2ff3
68e8e4c48105460b,ABD Jembatan Bai Tali,Transport,Construction,,,,APBN,Kementerian Pekerjaan Umum dan Perumahan Rakyat,,,,,unresolved,https://bim.pu.go.id/e1ea69e6-7a93-483f-a14b-185c6b47f6d1,Kementerian PU (BIM),2026-09-18T11:47:07.526459,2026-09-18 07:19:43,2026-09-18 11:49:52,Bina Marga,,,,https://bim.pu.go.id/e1ea69e6-7a93-483f-a14b-185c6b47f6d1,e1ea69e6-7a93-483f-a14b-185c6b47f6d1
00497757ff03ef55,ABD Jembatan Golo,Transport,Construction,,,,APBN,Kementerian Pekerjaan Umum dan Perumahan Rakyat,,,,,unresolved,https://bim.pu.go.id/a8881ebf-5dbc-466e-875a-90021c64391b,Kementerian PU (BIM),2026-09-18T11:47:07.526459,2026-09-18 07:19:43,2026-09-18 11:49:52,Bina Marga,,,,https://bim.pu.go.id/a8881ebf-5dbc-466e-875a-90021c64391b,a8881ebf-5dbc-466e-875a-90021c64391b
dbd6382c68e35623,ABD Jembatan Hanau Sungai Basoka,Water,Construction,,,,APBN,Kementerian Pekerjaan Umum dan Perumahan Rakyat,,,,,unresolved,https://bim.pu.go.id/fbdc08d9-bada-4686-879e-7a06f7f06c9d,Kementerian PU (BIM),2026-09-18T11:47:07.526459,2026-09-18 07:19:43,2026-09-18 11:49:52,Bina Marga,,,,https://bim.pu.go.id/fbdc08d9-bada-4686-879e-7a06f7f06c9d,fbdc08d9-bada-4686-879e-7a06f7f06c9d
abd2004d83234700,ABD Jembatan Kandis 2,Transport,Construction,,,,APBN,Kementerian Pekerjaan Umum dan Perumahan Rakyat,,,,,unresolved,https://bim.pu.go.id/b7ed7079-bc9c-461d-aee7-cc02eeb93750,Kementerian PU (BIM),2026-09-18T11:47:07.526459,2026-09-18 07:19:43,2026-09-18 11:49:52,Bina Marga,,,,https://bim.pu.go.id/b7ed7079-bc9c-461d-aee7-cc02eeb93750,b7ed7079-bc9c-461d-aee7-cc02eeb93750
cd7ebdf618b89c02,ABD Jembatan Koloh Penggolong,Transport,Construction,,,,APBN,Kementerian Pekerjaan Umum dan Perumahan Rakyat,,,,,unresolved,https://bim.pu.go.id/8d78d708-2d22-42e9-b552-b26f81ec11cb,Kementerian PU (BIM),2026-09-18T11:47:07.526459,2026-09-18 07:19:43,2026-09-18 11:49:52,Bina Marga,,,,https://bim.pu.go.id/8d78d708-2d22-42e9-b552-b26f81ec11cb,8d78d708-2d22-42e9-b552-b26f81ec11cb
cfd2f3ca7fd0efa7,ABD Jembatan Larong,Transport,Construction,,,,APBN,Kementerian Pekerjaan Umum dan Perumahan Rakyat,,,,,unresolved,https://bim.pu.go.id/a3f93816-a17c-4664-b8c1-7f7bca62d85b,Kementerian PU (BIM),2026-09-18T11:47:07.526459,2026-09-18 07:19:43,2026-09-18 11:49:52,Bina Marga,,,,https://bim.pu.go.id/a3f93816-a17c-4664-b8c1-7f7bca62d85b,a3f93816-a17c-4664-b8c1-7f7bca62d85b
e51304e26205b83b,ABD Jembatan Liang,Transport,Construction,,,,APBN,Kementerian Pekerjaan Umum dan Perumahan Rakyat,,,,,unresolved,https://bim.pu.go.id/26b9c5ab-edaf-46a4-be9d-e30925df89a4,Kementerian PU (BIM),2026-09-18T11:47:07.526459,2026-09-18 07:19:43,2026-09-18 11:49:52,Bina Marga,,,,https://bim.pu.go.id/26b9c5ab-edaf-46a4-be9d-e30925df89a4,26b9c5ab-edaf-46a4-be9d-e30925df89a4
4526762b79d70d7c,ABD Jembatan Log 76,Transport,Construction,,,,APBN,Kementerian Pekerjaan Umum dan Perumahan Rakyat,,,,,unresolved,https://bim.pu.go.id/3103a781-5bca-488d-8459-df4706bf58da,Kementerian PU (BIM),2026-09-18T11:47:07.526459,2026-09-18 07:19:43,2026-09-18 11:49:52,Bina Marga,,,,https://bim.pu.go.id/3103a781-5bca-488d-8459-df4706bf58da,3103a781-5bca-488d-8459-df4706bf58da
431dbe3f93e580f3,ABD Jembatan Log 77,Transport,Construction,,,,APBN,Kementerian Pekerjaan Umum dan Perumahan Rakyat,,,,,unresolved,https://bim.pu.go.id/158b849f-7593-470a-b30c-ba14851dffe0,Kementerian PU (BIM),2026-09-18T11:47:07.526459,2026-09-18 07:19:43,2026-09-18 11:49:52,Bina Marga,,,,https://bim.pu.go.id/158b849f-7593-470a-b30c-ba14851dffe0,158b849f-7593-470a-b30c-ba14851dffe0
23a4c97cb4023279,ABD Jembatan Loke Anhanari Kecil 1,Transport,Construction,,,,APBN,Kementerian Pekerjaan Umum dan Perumahan Rakyat,,,,,unresolved,https://bim.pu.go.id/b961220a-373f-4055-8b92-dc8b294a9656,Kementerian PU (BIM),2026-09-18T11:47:07.526459,2026-09-18 07:19:43,2026-09-18 11:49:52,Bina Marga,,,,https://bim.pu.go.id/b961220a-373f-4055-8b92-dc8b294a9656,b961220a-373f-4055-8b92-dc8b294a9656
35666884deca04bb,ABD Jembatan Manunggal VIII,Transport,Construction,,,,APBN,Kementerian Pekerjaan Umum dan Perumahan Rakyat,,,,,unresolved,https://bim.pu.go.id/98d01c79-f2b7-4733-bc25-c24e75bd47f6,Kementerian PU (BIM),2026-09-18T11:47:07.526459,2026-09-18 07:19:43,2026-09-18 11:49:52,Bina Marga,,,,https://bim.pu.go.id/98d01c79-f2b7-4733-bc25-c24e75bd47f6,98d01c79-f2b7-4733-bc25-c24e75bd47f6
7d72a98b07e6459d,ABD Jembatan Maromah,Transport,Construction,,,,APBN,Kementerian Pekerjaan Umum dan Perumahan Rakyat,,,,,unresolved,https://bim.pu.go.id/5358b799-9726-457f-9d7f-c6fba0300ea3,Kementerian PU (BIM),2026-09-18T11:47:07.526459,2026-09-18 07:19:43,2026-09-18 11:49:52,Bina Marga,,,,https://bim.pu.go.id/5358b799-9726-457f-9d7f-c6fba0300ea3,5358b799-9726-457f-9d7f-c6fba0300ea3
330146b55e3609a1,ABD Jembatan Sei Karuwei,Transport,Construction,,,,APBN,Kementerian Pekerjaan Umum dan Perumahan Rakyat,,,,,unresolved,https://bim.pu.go.id/bd2b24eb-0894-4c99-8e3f-85097883c606,Kementerian PU (BIM),2026-09-18T11:47:07.526459,2026-09-18 07:19:43,2026-09-18 11:49:52,Bina Marga,,,,https://bim.pu.go.id/bd2b24eb-0894-4c99-8e3f-85097883c606,bd2b24eb-0894-4c99-8e3f-85097883c606
9febd3c51225def4,ABD Jembatan Sei Take 1,Transport,Construction,,,,APBN,Kementerian Pekerjaan Umum dan Perumahan Rakyat,,,,,unresolved,https://bim.pu.go.id/2c7ed6fe-b203-4b39-a533-e204b7d2ec12,Kementerian PU (BIM),2026-09-18T11:47:07.526459,2026-09-18 07:19:43,2026-09-18 11:49:52,Bina Marga,,,,https://bim.pu.go.id/2c7ed6fe-b203-4b39-a533-e204b7d2ec12,2c7ed6fe-b203-4b39-a533-e204b7d2ec12
de2404a990bc789f,ABD Jembatan Sengayan 1,Transport,Construction,,,,APBN,Kementerian Pekerjaan Umum dan Perumahan Rakyat,,,,,unresolved,https://bim.pu.go.id/d3b0ebb1-8dca-469a-9098-dd0687226207,Kementerian PU (BIM),2026-09-18T11:47:07.526459,2026-09-18 07:19:43,2026-09-18 11:49:52,Bina Marga,,,,https://bim.pu.go.id/d3b0ebb1-8dca-469a-9098-dd0687226207,d3b0ebb1-8dca-469a-9098-dd0687226207
a49f8dba1707610c,ABD Jembatan Siri,Transport,Construction,,,,APBN,Kementerian Pekerjaan Umum dan Perumahan Rakyat,,,,,unresolved,https://bim.pu.go.id/3b76d296-1f7f-4e6c-84ab-185d18f90761,Kementerian PU (BIM),2026-09-18T11:47:07.526459,2026-09-18 07:19:43,2026-09-18 11:49:52,Bina Marga,,,,https://bim.pu.go.id/3b76d296-1f7f-4e6c-84ab-185d18f90761,3b76d296-1f7f-4e6c-84ab-185d18f90761
7296bffdc1e24a4d,ABD Jembatan Tepap,Transport,Construction,,,,APBN,Kementerian Pekerjaan Umum dan Perumahan Rakyat,,,,,unresolved,https://bim.pu.go.id/a7bf6012-e71c-4876-b9af-fa6c48cb823f,Kementerian PU (BIM),2026-09-18T11:47:07.526459,2026-09-18 07:19:43,2026-09-18 11:49:52,Bina Marga,,,,https://bim.pu.go.id/a7bf6012-e71c-4876-b9af-fa6c48cb823f,a7bf6012-e71c-4876-b9af-fa6c48cb823f
9b10d35e4366b955,ABD Jembatan WAY LEMPUYANG,Transport,Construction,,,,APBN,Kementerian Pekerjaan Umum dan Perumahan Rakyat,,,,,unresolved,https://bim.pu.go.id/00368197-f3d7-45f7-882d-d4a38bd4bc38,Kementerian PU (BIM),2026-09-18T11:47:07.526459,2026-09-18 07:19:43,2026-09-18 11:49:52,Bina Marga,,,,https://bim.pu.go.id/00368197-f3d7-45f7-882d-d4a38bd4bc38,00368197-f3d7-45f7-882d-d4a38bd4bc38
da661abeeea7c9ad,ABD Jembatan Way Merah III,Transport,Construction,,,,APBN,Kementerian Pekerjaan Umum dan Perumahan Rakyat,,,,,unresolved,https://bim.pu.go.id/0e9b178a-6b1f-4469-8422-b7a31d02d9d3,Kementerian PU (BIM),2026-09-18T11:47:07.526459,2026-09-18 07:19:43,2026-09-18 11:49:52,Bina Marga,,,,https://bim.pu.go.id/0e9b178a-6b1f-4469-8422-b7a31d02d9d3,0e9b178a-6b1f-4469-8422-b7a31d02d9d3
8cdcfe68427ee13a,ABD KDP Gedung Teknik Industri dan Teknik Lingkungan Universitas Andalas,Housing,Construction,,,,APBN,Kementerian Pekerjaan Umum dan Perumahan Rakyat,,,,,unresolved,https://bim.pu.go.id/19984fb2-f06c-43b1-a6b6-17b61fae27df,Kementerian PU (BIM),2026-09-18T11:47:07.526459,2026-09-18 07:19:43,2026-09-18 11:49:52,Cipta Karya,,,,https://bim.pu.go.id/19984fb2-f06c-43b1-a6b6-17b61fae27df,19984fb2-f06c-43b1-a6b6-17b61fae27df
2ef6688d74d88342,ABD KDP RSPTN Universitas Mataram,Housing,Construction,,,,APBN,Kementerian Pekerjaan Umum dan Perumahan Rakyat,,,,,unresolved,https://bim.pu.go.id/a78e8eb5-ec25-47f6-8736-f3a8968f8217,Kementerian PU (BIM),2026-09-18T11:47:07.526459,2026-09-18 07:19:43,2026-09-18 11:49:52,Cipta Karya,,,,https://bim.pu.go.id/a78e8eb5-ec25-47f6-8736-f3a8968f8217,a78e8eb5-ec25-47f6-8736-f3a8968f8217
bc8855bda6205a9b,ABD MAN 3 Kulon Progo,Housing,Construction,,,,APBN,Kementerian Pekerjaan Umum dan Perumahan Rakyat,,,,,unresolved,https://bim.pu.go.id/2f3c7fbb-c9d8-4f84-9b64-b4d94543f1f4,Kementerian PU (BIM),2026-09-18T11:47:07.526459,2026-09-18 07:19:43,2026-09-18 11:49:52,Cipta Karya,,,,https://bim.pu.go.id/2f3c7fbb-c9d8-4f84-9b64-b4d94543f1f4,2f3c7fbb-c9d8-4f84-9b64-b4d94543f1f4
c78f23544da41fef,ABD PEMBANGUNAN JALAN DAN JEMBATAN TUMBANG HIRAN,Transport,Construction,,,,APBN,Kementerian Pekerjaan Umum dan Perumahan Rakyat,,,,,unresolved,https://bim.pu.go.id/9b8c288f-337b-44df-916e-11cc056b7b16,Kementerian PU (BIM),2026-09-18T11:47:07.526459,2026-09-18 07:19:43,2026-09-18 11:49:52,Bina Marga,,,,https://bim.pu.go.id/9b8c288f-337b-44df-916e-11cc056b7b16,9b8c288f-337b-44df-916e-11cc056b7b16
9995ed0fdce90ac0,ABD PENGANTIAN JEMBATAN NANGA ERA,Transport,Construction,,,,APBN,Kementerian Pekerjaan Umum dan Perumahan Rakyat,,,,,unresolved,https://bim.pu.go.id/5924fda9-5d06-40e6-bbf9-aba4f70916b4,Kementerian PU (BIM),2026-09-18T11:47:07.526459,2026-09-18 07:19:43,2026-09-18 11:49:52,Bina Marga,,,,https://bim.pu.go.id/5924fda9-5d06-40e6-bbf9-aba4f70916b4,5924fda9-5d06-40e6-bbf9-aba4f70916b4
983c993b04d62918,ABD PENGGANTI JEMBATAN MATOBEK,Transport,Construction,,,,APBN,Kementerian Pekerjaan Umum dan Perumahan Rakyat,,,,,unresolved,https://bim.pu.go.id/a2c894c2-c4aa-4339-bcdc-12d0e370ba9f,Kementerian PU (BIM),2026-09-18T11:47:07.526459,2026-09-18 07:19:43,2026-09-18 11:49:52,Bina Marga,,,,https://bim.pu.go.id/a2c894c2-c4aa-4339-bcdc-12d0e370ba9f,a2c894c2-c4aa-4339-bcdc-12d0e370ba9f
89455b830f7710cd,ABD PENGGANTI JEMBATAN PAUH,Transport,Construction,,,,APBN,Kementerian Pekerjaan Umum dan Perumahan Rakyat,,,,,unresolved,https://bim.pu.go.id/b2c78e36-1b8a-479e-97ff-e6a07ebebeea,Kementerian PU (BIM),2026-09-18T11:47:07.526459,2026-09-18 07:19:43,2026-09-18 11:49:52,Bina Marga,,,,https://bim.pu.go.id/b2c78e36-1b8a-479e-97ff-e6a07ebebeea,b2c78e36-1b8a-479e-97ff-e6a07ebebeea
8fbb5fdaf330dcf2,ABD PENGGANTI JEMBATAN PK. MUSI II,Transport,Construction,,,,APBN,Kementerian Pekerjaan Umum dan Perumahan Rakyat,,,,,unresolved,https://bim.pu.go.id/9629a330-a4b0-4e22-9cdd-315b1f5a0f57,Kementerian PU (BIM),2026-09-18T11:47:07.526459,2026-09-18 07:19:43,2026-09-18 11:49:52,Bina Marga,,,,https://bim.pu.go.id/9629a330-a4b0-4e22-9cdd-315b1f5a0f57,9629a330-a4b0-4e22-9cdd-315b1f5a0f57
490159911300beda,ABD PENGGANTI JEMBATAN SIJOKJOK,Transport,Construction,,,,APBN,Kementerian Pekerjaan Umum dan Perumahan Rakyat,,,,,unresolved,https://bim.pu.go.id/e8353410-e9d3-4336-aec2-bc5ead0bf0a0,Kementerian PU (BIM),2026-09-18T11:47:07.526459,2026-09-18 07:19:43,2026-09-18 11:49:52,Bina Marga,,,,https://bim.pu.go.id/e8353410-e9d3-4336-aec2-bc5ead0bf0a0,e8353410-e9d3-4336-aec2-bc5ead0bf0a0
ee1df787075b7511,ABD PENGGANTIAN JEMBATAN BIARO,Transport,Construction,,,,APBN,Kementerian Pekerjaan Umum dan Perumahan Rakyat,,,,,unresolved,https://bim.pu.go.id/eaaccfc5-43dc-47e9-8346-be8b2b644261,Kementerian PU (BIM),2026-09-18T11:47:07.526459,2026-09-18 07:19:43,2026-09-18 11:49:52,Bina Marga,,,,https://bim.pu.go.id/eaaccfc5-43dc-47e9-8346-be8b2b644261,eaaccfc5-43dc-47e9-8346-be8b2b644261
d3308488ecce2be0,ABD PENGGANTIAN JEMBATAN ENTUBA KM.56+600,Transport,Construction,,,,APBN,Kementerian Pekerjaan Umum dan Perumahan Rakyat,,,,,unresolved,https://bim.pu.go.id/7de6e9b2-e4a1-4c72-a4c6-21bb8ecce584,Kementerian PU (BIM),2026-09-18T11:47:07.526459,2026-09-18 07:19:43,2026-09-18 11:49:52,Bina Marga,,,,https://bim.pu.go.id/7de6e9b2-e4a1-4c72-a4c6-21bb8ecce584,7de6e9b2-e4a1-4c72-a4c6-21bb8ecce584
c1ed9e143914ce5f,ABD PENGGANTIAN JEMBATAN NABENU 4,Transport,Construction,,,,APBN,Kementerian Pekerjaan Umum dan Perumahan Rakyat,,,,,unresolved,https://bim.pu.go.id/30826690-8c84-46c6-84e0-2a411f516502,Kementerian PU (BIM),2026-09-18T11:47:07.526459,2026-09-18 07:19:43,2026-09-18 11:49:52,Bina Marga,,,,https://bim.pu.go.id/30826690-8c84-46c6-84e0-2a411f516502,30826690-8c84-46c6-84e0-2a411f516502
633e0e12f9a1327e,ABD PENGGANTIAN JEMBATAN PENITI BESAR,Transport,Construction,,,,APBN,Kementerian Pekerjaan Umum dan Perumahan Rakyat,,,,,unresolved,https://bim.pu.go.id/47a6ddcb-0b77-400b-acb3-c7255598497e,Kementerian PU (BIM),2026-09-18T11:47:07.526459,2026-09-18 07:19:43,2026-09-18 11:49:52,Bina Marga,,,,https://bim.pu.go.id/47a6ddcb-0b77-400b-acb3-c7255598497e,47a6ddcb-0b77-400b-acb3-c7255598497e
4cbe9ebca9f63202,ABD PENGGANTIAN JEMBATAN RUAS DERMAGA FERRY-TERAJU-AUR KUNING,Transport,Construction,,,,APBN,Kementerian Pekerjaan Umum dan Perumahan Rakyat,,,,,unresolved,https://bim.pu.go.id/27718c2b-51bc-48bb-9b70-5f6f127b485f,Kementerian PU (BIM),2026-09-18T11:47:07.526459,2026-09-18 07:19:43,2026-09-18 11:49:52,Bina Marga,,,,https://bim.pu.go.id/27718c2b-51bc-48bb-9b70-5f6f127b485f,27718c2b-51bc-48bb-9b70-5f6f127b485f
27c05c66208efd50,ABD PENGGANTIAN JEMBATAN SEI TONGGAK,Transport,Construction,,,,APBN,Kementerian Pekerjaan Umum dan Perumahan Rakyat,,,,,unresolved,https://bim.pu.go.id/e1955160-f4e9-4fb4-b099-eb9f001a56aa,Kementerian PU (BIM),2026-09-18T11:47:07.526459,2026-09-18 07:19:43,2026-09-18 11:49:52,Bina Marga,,,,https://bim.pu.go.id/e1955160-f4e9-4fb4-b099-eb9f001a56aa,e1955160-f4e9-4fb4-b099-eb9f001a56aa
c7f932809ea80939,ABD PENGGANTIAN JEMBATAN SORI MILA I,Transport,Construction,,,,APBN,Kementerian Pekerjaan Umum dan Perumahan Rakyat,,,,,unresolved,https://bim.pu.go.id/a5add030-6f84-4567-b699-0914231f599b,Kementerian PU (BIM),2026-09-18T11:47:07.526459,2026-09-18 07:19:43,2026-09-18 11:49:52,Bina Marga,,,,https://bim.pu.go.id/a5add030-6f84-4567-b699-0914231f599b,a5add030-6f84-4567-b699-0914231f599b
26535b798b6de584,ABD Pasar Kanjengan,Housing,Construction,,,,APBN,Kementerian Pekerjaan Umum dan Perumahan Rakyat,,,,,unresolved,https://bim.pu.go.id/1769e845-1677-4406-8b48-7c033d6da031,Kementerian PU (BIM),2026-09-18T11:47:07.526459,2026-09-18 07:19:43,2026-09-18 11:49:52,Cipta Karya,,,,https://bim.pu.go.id/1769e845-1677-4406-8b48-7c033d6da031,1769e845-1677-4406-8b48-7c033d6da031
3280342db5cd12b1,ABD Pelebaran Jembatan S.Wangkululi,Transport,Construction,,,,APBN,Kementerian Pekerjaan Umum dan Perumahan Rakyat,,,,,unresolved,https://bim.pu.go.id/4dcb253b-4731-4428-970f-5b226ec33ad0,Kementerian PU (BIM),2026-09-18T11:47:07.526459,2026-09-18 07:19:43,2026-09-18 11:49:52,Bina Marga,,,,https://bim.pu.go.id/4dcb253b-4731-4428-970f-5b226ec33ad0,4dcb253b-4731-4428-970f-5b226ec33ad0
03668a308d9ebc95,ABD Pembangunan Bendung D.I Jamut,Water,Construction,,,,APBN,Kementerian Pekerjaan Umum dan Perumahan Rakyat,,,,,unresolved,https://bim.pu.go.id/3153fafd-7663-4b14-a95e-7251eea5df97,Kementerian PU (BIM),2026-09-18T11:47:07.526459,2026-09-18 07:19:43,2026-09-18 11:49:52,Sumber Daya Air,,,,https://bim.pu.go.id/3153fafd-7663-4b14-a95e-7251eea5df97,3153fafd-7663-4b14-a95e-7251eea5df97
aa35b2ca338502f3,ABD Pembangunan Gedung BPPW NTB,Housing,Construction,,,,APBN,Kementerian Pekerjaan Umum dan Perumahan Rakyat,,,,,unresolved,https://bim.pu.go.id/8b9ca1d8-2a5c-4e89-a06f-c88b6f5de966,Kementerian PU (BIM),2026-09-18T11:47:07.526459,2026-09-18 07:19:43,2026-09-18 11:49:52,Cipta Karya,,,,https://bim.pu.go.id/8b9ca1d8-2a5c-4e89-a06f-c88b6f5de966,8b9ca1d8-2a5c-4e89-a06f-c88b6f5de966
6456105d59479f93,ABD Pembangunan Jembatan Gara,Transport,Construction,,,,APBN,Kementerian Pekerjaan Umum dan Perumahan Rakyat,,,,,unresolved,https://bim.pu.go.id/684405ed-05d9-4bec-ab58-527fb9988e08,Kementerian PU (BIM),2026-09-18T11:47:07.526459,2026-09-18 07:19:43,2026-09-18 11:49:52,Bina Marga,,,,https://bim.pu.go.id/684405ed-05d9-4bec-ab58-527fb9988e08,684405ed-05d9-4bec-ab58-527fb9988e08
d36aed604dc59ba8,"ABD Pembangunan Jembatan Loke Imroing, CS",Transport,Construction,,,,APBN,Kementerian Pekerjaan Umum dan Perumahan Rakyat,,,,,unresolved,https://bim.pu.go.id/47f47530-6eea-41ab-bea7-e144e16b352f,Kementerian PU (BIM),2026-09-18T11:47:07.526459,2026-09-18 07:19:43,2026-09-18 11:49:52,Bina Marga,,,,https://bim.pu.go.id/47f47530-6eea-41ab-bea7-e144e16b352f,47f47530-6eea-41ab-bea7-e144e16b352f
1c81f898fc79d035,ABD Pembangunan Jembatan Loke Wakpapapi,Transport,Construction,,,,APBN,Kementerian Pekerjaan Umum dan Perumahan Rakyat,,,,,unresolved,https://bim.pu.go.id/217a53c5-028f-4a90-817d-055dd4aa6d90,Kementerian PU (BIM),2026-09-18T11:47:07.526459,2026-09-18 07:19:43,2026-09-18 11:49:52,Bina Marga,,,,https://bim.pu.go.id/217a53c5-028f-4a90-817d-055dd4aa6d90,217a53c5-028f-4a90-817d-055dd4aa6d90
b7a9c3cb303dac49,ABD Pembangunan Ruang Terbuka Publik Kawasan Bandungan,Housing,Construction,,,,APBN,Kementerian Pekerjaan Umum dan Perumahan Rakyat,,,,,unresolved,https://bim.pu.go.id/bf6d1bec-a14a-47d0-8705-40cd6c75fd47,Kementerian PU (BIM),2026-09-18T11:47:07.526459,2026-09-18 07:19:43,2026-09-18 11:49:52,Cipta Karya,,,,https://bim.pu.go.id/bf6d1bec-a14a-47d0-8705-40cd6c75fd47,bf6d1bec-a14a-47d0-8705-40cd6c75fd47
a0c81ebf6f814361,ABD Pengaman Pantai Alohong,Water,Construction,,,,APBN,Kementerian Pekerjaan Umum dan Perumahan Rakyat,,,,,unresolved,https://bim.pu.go.id/f4f6a078-340f-4cc4-ac30-13f8f0debb07,Kementerian PU (BIM),2026-09-18T11:47:07.526459,2026-09-18 07:19:43,2026-09-18 11:49:52,Sumber Daya Air,,,,https://bim.pu.go.id/f4f6a078-340f-4cc4-ac30-13f8f0debb07,f4f6a078-340f-4cc4-ac30-13f8f0debb07
678e52967a654ff0,ABD Penggantian Jembatan Ake Rum Pasar,Transport,Construction,,,,APBN,Kementerian Pekerjaan Umum dan Perumahan Rakyat,,,,,unresolved,https://bim.pu.go.id/f28c81df-6911-4903-8a69-3bee88a17190,Kementerian PU (BIM),2026-09-18T11:47:07.526459,2026-09-18 07:19:43,2026-09-18 11:49:52,Bina Marga,,,,https://bim.pu.go.id/f28c81df-6911-4903-8a69-3bee88a17190,f28c81df-6911-4903-8a69-3bee88a17190
566a2427f88ca543,ABD Penggantian Jembatan Balai Raja,Transport,Construction,,,,APBN,Kementerian Pekerjaan Umum dan Perumahan Rakyat,,,,,unresolved,https://bim.pu.go.id/e36666b9-029e-42ed-8a19-3aeb88dd078f,Kementerian PU (BIM),2026-09-18T11:47:07.526459,2026-09-18 07:19:43,2026-09-18 11:49:52,Bina Marga,,,,https://bim.pu.go.id/e36666b9-029e-42ed-8a19-3aeb88dd078f,e36666b9-029e-42ed-8a19-3aeb88dd078f
4e4a5cf29b155a35,ABD Penggantian Jembatan Entuba,Transport,Construction,,,,APBN,Kementerian Pekerjaan Umum dan Perumahan Rakyat,,,,,unresolved,https://bim.pu.go.id/a046dd74-282a-4e5b-ab95-64113d0d1669,Kementerian PU (BIM),2026-09-18T11:47:07.526459,2026-09-18 07:19:43,2026-09-18 11:49:52,Bina Marga,,,,https://bim.pu.go.id/a046dd74-282a-4e5b-ab95-64113d0d1669,a046dd74-282a-4e5b-ab95-64113d0d1669
7b04e442ef1dfdcf,ABD Penggantian Jembatan Motewe II,Transport,Construction,,,,APBN,Kementerian Pekerjaan Umum dan Perumahan Rakyat,,,,,unresolved,https://bim.pu.go.id/8155b288-9acb-48d7-a610-30f160c12de6,Kementerian PU (BIM),2026-09-18T11:47:07.526459,2026-09-18 07:19:43,2026-09-18 11:49:52,Bina Marga,,,,https://bim.pu.go.id/8155b288-9acb-48d7-a610-30f160c12de6,8155b288-9acb-48d7-a610-30f160c12de6
9cea571211b3a43c,ABD Penggantian Jembatan Nanati,Transport,Construction,,,,APBN,Kementerian Pekerjaan Umum dan Perumahan Rakyat,,,,,unresolved,https://bim.pu.go.id/a4adbf45-f2a7-4913-b127-9c0d076371a8,Kementerian PU (BIM),2026-09-18T11:47:07.526459,2026-09-18 07:19:43,2026-09-18 11:49:52,Bina Marga,,,,https://bim.pu.go.id/a4adbf45-f2a7-4913-b127-9c0d076371a8,a4adbf45-f2a7-4913-b127-9c0d076371a8
16c65b492d1213d4,ABD Penggantian Jembatan Panyurungan,Transport,Construction,,,,APBN,Kementerian Pekerjaan Umum dan Perumahan Rakyat,,,,,unresolved,https://bim.pu.go.id/a6e19404-2a1a-4626-93a5-0965f3717eb4,Kementerian PU (BIM),2026-09-18T11:47:07.526459,2026-09-18 07:19:43,2026-09-18 11:49:52,Bina Marga,,,,https://bim.pu.go.id/a6e19404-2a1a-4626-93a5-0965f3717eb4,a6e19404-2a1a-4626-93a5-0965f3717eb4
999fcbb9e4de0d68,ABD Penggantian Jembatan RUAS SP.PENAWAR - GEDONG AJI BARU - RAWAJITU.rvt,Transport,Construction,,,,APBN,Kementerian Pekerjaan Umum dan Perumahan Rakyat,,,,,unresolved,https://bim.pu.go.id/03c277bb-6c10-42b7-b026-aa46b5f9064b,Kementerian PU (BIM),2026-09-18T11:47:07.526459,2026-09-18 07:19:43,2026-09-18 11:49:52,Bina Marga,,,,https://bim.pu.go.id/03c277bb-6c10-42b7-b026-aa46b5f9064b,03c277bb-6c10-42b7-b026-aa46b5f9064b
219304d1c0df4f29,ABD Penggantian Jembatan Sei Busuk,Transport,Construction,,,,APBN,Kementerian Pekerjaan Umum dan Perumahan Rakyat,,,,,unresolved,https://bim.pu.go.id/57be7655-5c8d-4dcc-8547-0f30a2763423,Kementerian PU (BIM),2026-09-18T11:47:07.526459,2026-09-18 07:19:43,2026-09-18 11:49:52,Bina Marga,,,,https://bim.pu.go.id/57be7655-5c8d-4dcc-8547-0f30a2763423,57be7655-5c8d-4dcc-8547-0f30a2763423
acc1d27cbec721cd,ABD Penggantian Jembatan Sergang Darat (Pulau Singkep),Transport,Construction,,,,APBN,Kementerian Pekerjaan Umum dan Perumahan Rakyat,,,,,unresolved,https://bim.pu.go.id/320fa4b2-0e1b-4b3f-a28a-8fd345eacadd,Kementerian PU (BIM),2026-09-18T11:47:07.526459,2026-09-18 07:19:43,2026-09-18 11:49:52,Bina Marga,,,,https://bim.pu.go.id/320fa4b2-0e1b-4b3f-a28a-8fd345eacadd,320fa4b2-0e1b-4b3f-a28a-8fd345eacadd
9f13e6d7aad40a28,ABD Penggantian Jembatan Sori Mila II,Transport,Construction,,,,APBN,Kementerian Pekerjaan Umum dan Perumahan Rakyat,,,,,unresolved,https://bim.pu.go.id/b5072ff1-7fd2-4988-8bd5-24cc94d15870,Kementerian PU (BIM),2026-09-18T11:47:07.526459,2026-09-18 07:19:43,2026-09-18 11:49:52,Bina Marga,,,,https://bim.pu.go.id/b5072ff1-7fd2-4988-8bd5-24cc94d15870,b5072ff1-7fd2-4988-8bd5-24cc94d15870
d78832802f48922e,ABD Penggantian Jembatan Sungai Nipah,Water,Construction,,,,APBN,Kementerian Pekerjaan Umum dan Perumahan Rakyat,,,,,unresolved,https://bim.pu.go.id/a71d8c28-997f-4790-a387-bcd77f51984a,Kementerian PU (BIM),2026-09-18T11:47:07.526459,2026-09-18 07:19:43,2026-09-18 11:49:52,Bina Marga,,,,https://bim.pu.go.id/a71d8c28-997f-4790-a387-bcd77f51984a,a71d8c28-997f-4790-a387-bcd77f51984a
9a3205f3b41fa2ca,ABD Penggantian Jembatan Tarantang,Transport,Construction,,,,APBN,Kementerian Pekerjaan Umum dan Perumahan Rakyat,,,,,unresolved,https://bim.pu.go.id/21f40adf-c063-4efe-8b2f-e9678bf34a88,Kementerian PU (BIM),2026-09-18T11:47:07.526459,2026-09-18 07:19:43,2026-09-18 11:49:52,Bina Marga,,,,https://bim.pu.go.id/21f40adf-c063-4efe-8b2f-e9678bf34a88,21f40adf-c063-4efe-8b2f-e9678bf34a88
cb9df1c99e2949fe,ABD Penggantian Jembatan Wai Hanunu III,Transport,Construction,,,,APBN,Kementerian Pekerjaan Umum dan Perumahan Rakyat,,,,,unresolved,https://bim.pu.go.id/bb8ac978-45a4-4a2f-a23c-f803f5db6094,Kementerian PU (BIM),2026-09-18T11:47:07.526459,2026-09-18 07:19:43,2026-09-18 11:49:52,Bina Marga,,,,https://bim.pu.go.id/bb8ac978-45a4-4a2f-a23c-f803f5db6094,bb8ac978-45a4-4a2f-a23c-f803f5db6094
8d2bc010b61ae1be,ABD Penggantian Jembatan Wai Passa (MYC),Transport,Construction,,,,APBN,Kementerian Pekerjaan Umum dan Perumahan Rakyat,,,,,unresolved,https://bim.pu.go.id/4756b5fc-1e3d-4273-98d4-5a42cddd6904,Kementerian PU (BIM),2026-09-18T11:47:07.526459,2026-09-18 07:19:43,2026-09-18 11:49:52,Bina Marga,,,,https://bim.pu.go.id/4756b5fc-1e3d-4273-98d4-5a42cddd6904,4756b5fc-1e3d-4273-98d4-5a42cddd6904
36f5d03998f82b6e,ABD Revetmen Pantai Banding,Water,Construction,,,,APBN,Kementerian Pekerjaan Umum dan Perumahan Rakyat,,,,,unresolved,https://bim.pu.go.id/d18ded08-8cb6-41e7-826a-5a8c7ec3424f,Kementerian PU (BIM),2026-09-18T11:47:07.526459,2026-09-18 07:19:43,2026-09-18 11:49:52,Sumber Daya Air,,,,https://bim.pu.go.id/d18ded08-8cb6-41e7-826a-5a8c7ec3424f,d18ded08-8cb6-41e7-826a-5a8c7ec3424f
95775e1f7df35bc1,ABD SDN 0 Sawerigadi,Housing,Construction,,,,APBN,Kementerian Pekerjaan Umum dan Perumahan Rakyat,,,,,unresolved,https://bim.pu.go.id/fabc76de-ca31-49bd-bd52-5820bb7c4d6a,Kementerian PU (BIM),2026-09-18T11:47:07.526459,2026-09-18 07:19:43,2026-09-18 11:49:52,Cipta Karya,,,,https://bim.pu.go.id/fabc76de-ca31-49bd-bd52-5820bb7c4d6a,fabc76de-ca31-49bd-bd52-5820bb7c4d6a
8ad13c594774a6aa,ABD SDN 05 Malabar,Housing,Construction,,,,APBN,Kementerian Pekerjaan Umum dan Perumahan Rakyat,,,,,unresolved,https://bim.pu.go.id/b7e69208-06fa-4260-b45b-355b7ada805f,Kementerian PU (BIM),2026-09-18T11:47:07.526459,2026-09-18 07:19:43,2026-09-18 11:49:52,Cipta Karya,,,,https://bim.pu.go.id/b7e69208-06fa-4260-b45b-355b7ada805f,b7e69208-06fa-4260-b45b-355b7ada805f
d356729eef8ff908,ABD SDN 1 Harapan Jaya,Housing,Construction,,,,APBN,Kementerian Pekerjaan Umum dan Perumahan Rakyat,,,,,unresolved,https://bim.pu.go.id/be6a28e5-015b-4c8a-a83c-9f05dde00436,Kementerian PU (BIM),2026-09-18T11:47:07.526459,2026-09-18 07:19:43,2026-09-18 11:49:52,Cipta Karya,,,,https://bim.pu.go.id/be6a28e5-015b-4c8a-a83c-9f05dde00436,be6a28e5-015b-4c8a-a83c-9f05dde00436
a4efc6f73065c051,ABD SDN 1 Kapoa,Housing,Construction,,,,APBN,Kementerian Pekerjaan Umum dan Perumahan Rakyat,,,,,unresolved,https://bim.pu.go.id/fd23401a-8001-4f5b-9ec7-f41dc0f8d727,Kementerian PU (BIM),2026-09-18T11:47:07.526459,2026-09-18 07:19:43,2026-09-18 11:49:52,Cipta Karya,,,,https://bim.pu.go.id/fd23401a-8001-4f5b-9ec7-f41dc0f8d727,fd23401a-8001-4f5b-9ec7-f41dc0f8d727
02fc33fdcd3ff989,ABD SDN 1 Matanggori,Housing,Construction,,,,APBN,Kementerian Pekerjaan Umum dan Perumahan Rakyat,,,,,unresolved,https://bim.pu.go.id/f0bbb591-b20e-445c-ac7c-d0b2fed3b51c,Kementerian PU (BIM),2026-09-18T11:47:07.526459,2026-09-18 07:19:43,2026-09-18 11:49:52,Cipta Karya,,,,https://bim.pu.go.id/f0bbb591-b20e-445c-ac7c-d0b2fed3b51c,f0bbb591-b20e-445c-ac7c-d0b2fed3b51c
a4cfa840dff0616d,ABD SDN 1 Nario Indah,Housing,Construction,,,,APBN,Kementerian Pekerjaan Umum dan Perumahan Rakyat,,,,,unresolved,https://bim.pu.go.id/888ea383-ff8f-4eaf-b9b5-85b987be9a37,Kementerian PU (BIM),2026-09-18T11:47:07.526459,2026-09-18 07:19:43,2026-09-18 11:49:52,Cipta Karya,,,,https://bim.pu.go.id/888ea383-ff8f-4eaf-b9b5-85b987be9a37,888ea383-ff8f-4eaf-b9b5-85b987be9a37
63c1c268ae4b27fa,ABD SDN 1 Purajaya,Housing,Construction,,,,APBN,Kementerian Pekerjaan Umum dan Perumahan Rakyat,,,,,unresolved,https://bim.pu.go.id/414c0c6f-7215-4053-8e1e-73d5ee470933,Kementerian PU (BIM),2026-09-18T11:47:07.526459,2026-09-18 07:19:43,2026-09-18 11:49:52,Cipta Karya,,,,https://bim.pu.go.id/414c0c6f-7215-4053-8e1e-73d5ee470933,414c0c6f-7215-4053-8e1e-73d5ee470933
427a95d21f731c4f,ABD SDN 1 Tongkuno,Housing,Construction,,,,APBN,Kementerian Pekerjaan Umum dan Perumahan Rakyat,,,,,unresolved,https://bim.pu.go.id/9857e891-f577-46da-8315-75566f61ec22,Kementerian PU (BIM),2026-09-18T11:47:07.526459,2026-09-18 07:19:43,2026-09-18 11:49:52,Cipta Karya,,,,https://bim.pu.go.id/9857e891-f577-46da-8315-75566f61ec22,9857e891-f577-46da-8315-75566f61ec22
0489bed226be7eba,ABD SDN 2 Abuki,Housing,Construction,,,,APBN,Kementerian Pekerjaan Umum dan Perumahan Rakyat,,,,,unresolved,https://bim.pu.go.id/f8e1ce48-9034-48e7-b833-6092ab3a26b3,Kementerian PU (BIM),2026-09-18T11:47:07.526459,2026-09-18 07:19:43,2026-09-18 11:49:52,Cipta Karya,,,,https://bim.pu.go.id/f8e1ce48-9034-48e7-b833-6092ab3a26b3,f8e1ce48-9034-48e7-b833-6092ab3a26b3
7aa9111816f16f43,ABD SDN 2 Katobu,Housing,Construction,,,,APBN,Kementerian Pekerjaan Umum dan Perumahan Rakyat,,,,,unresolved,https://bim.pu.go.id/cc5e6846-94f7-4dad-83b5-feae49223c29,Kementerian PU (BIM),2026-09-18T11:47:07.526459,2026-09-18 07:19:43,2026-09-18 11:49:52,Cipta Karya,,,,https://bim.pu.go.id/cc5e6846-94f7-4dad-83b5-feae49223c29,cc5e6846-94f7-4dad-83b5-feae49223c29
eb1a8679465b1f61,ABD SDN 2 Mangunrejo,Housing,Construction,,,,APBN,Kementerian Pekerjaan Umum dan Perumahan Rakyat,,,,,unresolved,https://bim.pu.go.id/276158aa-4903-4dcf-978b-e7221003fe64,Kementerian PU (BIM),2026-09-18T11:47:07.526459,2026-09-18 07:19:43,2026-09-18 11:49:52,Cipta Karya,,,,https://bim.pu.go.id/276158aa-4903-4dcf-978b-e7221003fe64,276158aa-4903-4dcf-978b-e7221003fe64
2fc48625b87ce651,ABD SDN 2 Onembute,Housing,Construction,,,,APBN,Kementerian Pekerjaan Umum dan Perumahan Rakyat,,,,,unresolved,https://bim.pu.go.id/58899be3-547b-4ec9-84f3-fe8b16867e7e,Kementerian PU (BIM),2026-09-18T11:47:07.526459,2026-09-18 07:19:43,2026-09-18 11:49:52,Cipta Karya,,,,https://bim.pu.go.id/58899be3-547b-4ec9-84f3-fe8b16867e7e,58899be3-547b-4ec9-84f3-fe8b16867e7e
1f370844b13f1c66,ABD SDN 2 Palem,Housing,Construction,,,,APBN,Kementerian Pekerjaan Umum dan Perumahan Rakyat,,,,,unresolved,https://bim.pu.go.id/480d7876-62f9-4bbe-baf8-640eb6d5a978,Kementerian PU (BIM),2026-09-18T11:47:07.526459,2026-09-18 07:19:43,2026-09-18 11:49:52,Cipta Karya,,,,https://bim.pu.go.id/480d7876-62f9-4bbe-baf8-640eb6d5a978,480d7876-62f9-4bbe-baf8-640eb6d5a978
e15d53d1e39000c2,ABD SDN 2 Tawarotebota,Housing,Construction,,,,APBN,Kementerian Pekerjaan Umum dan Perumahan Rakyat,,,,,unresolved,https://bim.pu.go.id/50e0eafc-3b40-4c45-bbcf-90b6da38f157,Kementerian PU (BIM),2026-09-18T11:47:07.526459,2026-09-18 07:19:43,2026-09-18 11:49:52,Cipta Karya,,,,https://bim.pu.go.id/50e0eafc-3b40-4c45-bbcf-90b6da38f157,50e0eafc-3b40-4c45-bbcf-90b6da38f157
a43c14d10e38215a,ABD SDN 2 Torotambi,Housing,Construction,,,,APBN,Kementerian Pekerjaan Umum dan Perumahan Rakyat,,,,,unresolved,https://bim.pu.go.id/acb71839-2fd5-4f20-9fe5-36b40fd50b34,Kementerian PU (BIM),2026-09-18T11:47:07.526459,2026-09-18 07:19:43,2026-09-18 11:49:52,Cipta Karya,,,,https://bim.pu.go.id/acb71839-2fd5-4f20-9fe5-36b40fd50b34,acb71839-2fd5-4f20-9fe5-36b40fd50b34
ad853781aab369dd,ABD SDN 2 Wiwirano,Housing,Construction,,,,APBN,Kementerian Pekerjaan Umum dan Perumahan Rakyat,,,,,unresolved,https://bim.pu.go.id/e16011e8-f9a7-4796-9308-158f2a7c5900,Kementerian PU (BIM),2026-09-18T11:47:07.526459,2026-09-18 07:19:43,2026-09-18 11:49:52,Cipta Karya,,,,https://bim.pu.go.id/e16011e8-f9a7-4796-9308-158f2a7c5900,e16011e8-f9a7-4796-9308-158f2a7c5900
892ca7d21f38c1d4,ABD SDN 3 Hanakau,Housing,Construction,,,,APBN,Kementerian Pekerjaan Umum dan Perumahan Rakyat,,,,,unresolved,https://bim.pu.go.id/a2113d0a-47a1-4e01-a9dd-f345ebb49669,Kementerian PU (BIM),2026-09-18T11:47:07.526459,2026-09-18 07:19:43,2026-09-18 11:49:52,Cipta Karya,,,,https://bim.pu.go.id/a2113d0a-47a1-4e01-a9dd-f345ebb49669,a2113d0a-47a1-4e01-a9dd-f345ebb49669
40870f8002ccf3d3,ABD SDN 3 Mlekang,Housing,Construction,,,,APBN,Kementerian Pekerjaan Umum dan Perumahan Rakyat,,,,,unresolved,https://bim.pu.go.id/538c1994-1d1d-421c-bea1-60bf879d59ef,Kementerian PU (BIM),2026-09-18T11:47:07.526459,2026-09-18 07:19:43,2026-09-18 11:49:52,Cipta Karya,,,,https://bim.pu.go.id/538c1994-1d1d-421c-bea1-60bf879d59ef,538c1994-1d1d-421c-bea1-60bf879d59ef
87e4491fa992dd85,ABD SDN 3 Sidomulyo,Housing,Construction,,,,APBN,Kementerian Pekerjaan Umum dan Perumahan Rakyat,,,,,unresolved,https://bim.pu.go.id/e61eaa4b-48dc-4b36-8f23-bb65b730f85f,Kementerian PU (BIM),2026-09-18T11:47:07.526459,2026-09-18 07:19:43,2026-09-18 11:49:52,Cipta Karya,,,,https://bim.pu.go.id/e61eaa4b-48dc-4b36-8f23-bb65b730f85f,e61eaa4b-48dc-4b36-8f23-bb65b730f85f
9c1ba9cb6c51ca41,ABD SDN 3 Tegalarum,Housing,Construction,,,,APBN,Kementerian Pekerjaan Umum dan Perumahan Rakyat,,,,,unresolved,https://bim.pu.go.id/b1c57b4a-27f6-4f18-8570-ee1715c0c74c,Kementerian PU (BIM),2026-09-18T11:47:07.526459,2026-09-18 07:19:43,2026-09-18 11:49:52,Cipta Karya,,,,https://bim.pu.go.id/b1c57b4a-27f6-4f18-8570-ee1715c0c74c,b1c57b4a-27f6-4f18-8570-ee1715c0c74c
b0d4ea7eba8c1874,ABD SDN 4 Palem,Housing,Construction,,,,APBN,Kementerian Pekerjaan Umum dan Perumahan Rakyat,,,,,unresolved,https://bim.pu.go.id/f7f71ce5-294c-4195-93c3-5f12aba49449,Kementerian PU (BIM),2026-09-18T11:47:07.526459,2026-09-18 07:19:43,2026-09-18 11:49:52,Cipta Karya,,,,https://bim.pu.go.id/f7f71ce5-294c-4195-93c3-5f12aba49449,f7f71ce5-294c-4195-93c3-5f12aba49449
ef1d79b83162f957,ABD SDN 5 Tiworo Selatan,Housing,Construction,,,,APBN,Kementerian Pekerjaan Umum dan Perumahan Rakyat,,,,,unresolved,https://bim.pu.go.id/459c39f6-17f3-4e74-b587-6094f2eebeb6,Kementerian PU (BIM),2026-09-18T11:47:07.526459,2026-09-18 07:19:43,2026-09-18 11:49:52,Cipta Karya,,,,https://bim.pu.go.id/459c39f6-17f3-4e74-b587-6094f2eebeb6,459c39f6-17f3-4e74-b587-6094f2eebeb6
426c8b0471c0380e,ABD SDN 60 Pangkuri,Housing,Construction,,,,APBN,Kementerian Pekerjaan Umum dan Perumahan Rakyat,,,,,unresolved,https://bim.pu.go.id/a9a6f03b-0f82-4b0a-a94b-b686e0e92c6d,Kementerian PU (BIM),2026-09-18T11:47:07.526459,2026-09-18 07:19:43,2026-09-18 11:49:52,Cipta Karya,,,,https://bim.pu.go.id/a9a6f03b-0f82-4b0a-a94b-b686e0e92c6d,a9a6f03b-0f82-4b0a-a94b-b686e0e92c6d
041f8516d62f5f36,ABD SDN 7 Lasalepa,Housing,Construction,,,,APBN,Kementerian Pekerjaan Umum dan Perumahan Rakyat,,,,,unresolved,https://bim.pu.go.id/379b4628-5638-4c90-a24c-d8cc17febf7b,Kementerian PU (BIM),2026-09-18T11:47:07.526459,2026-09-18 07:19:43,2026-09-18 11:49:52,Cipta Karya,,,,https://bim.pu.go.id/379b4628-5638-4c90-a24c-d8cc17febf7b,379b4628-5638-4c90-a24c-d8cc17febf7b
60f5e3284c398f4b,ABD SDN 93 Lakomea,Housing,Construction,,,,APBN,Kementerian Pekerjaan Umum dan Perumahan Rakyat,,,,,unresolved,https://bim.pu.go.id/5cbf972e-5213-4c47-aa03-fc4e05bbbc02,Kementerian PU (BIM),2026-09-18T11:47:07.526459,2026-09-18 07:19:43,2026-09-18 11:49:52,Cipta Karya,,,,https://bim.pu.go.id/5cbf972e-5213-4c47-aa03-fc4e05bbbc02,5cbf972e-5213-4c47-aa03-fc4e05bbbc02
8a451285ed4763e7,ABD SDN Dawi-Dawi,Housing,Construction,,,,APBN,Kementerian Pekerjaan Umum dan Perumahan Rakyat,,,,,unresolved,https://bim.pu.go.id/58904040-47f3-427c-a41d-ccce18e1d2b9,Kementerian PU (BIM),2026-09-18T11:47:07.526459,2026-09-18 07:19:43,2026-09-18 11:49:52,Cipta Karya,,,,https://bim.pu.go.id/58904040-47f3-427c-a41d-ccce18e1d2b9,58904040-47f3-427c-a41d-ccce18e1d2b9
2b41edf2dc41c05a,ABD SDN Pagar Dalam,Housing,Construction,,,,APBN,Kementerian Pekerjaan Umum dan Perumahan Rakyat,,,,,unresolved,https://bim.pu.go.id/6da10bca-ada9-4f98-adb4-6ef7b63572cc,Kementerian PU (BIM),2026-09-18T11:47:07.526459,2026-09-18 07:19:43,2026-09-18 11:49:52,Cipta Karya,,,,https://bim.pu.go.id/6da10bca-ada9-4f98-adb4-6ef7b63572cc,6da10bca-ada9-4f98-adb4-6ef7b63572cc
6aeb9f6613943698,ABD SDN Tembelang,Housing,Construction,,,,APBN,Kementerian Pekerjaan Umum dan Perumahan Rakyat,,,,,unresolved,https://bim.pu.go.id/b407182d-9595-4387-91f2-6de0e95df867,Kementerian PU (BIM),2026-09-18T11:47:07.526459,2026-09-18 07:19:43,2026-09-18 11:49:52,Cipta Karya,,,,https://bim.pu.go.id/b407182d-9595-4387-91f2-6de0e95df867,b407182d-9595-4387-91f2-6de0e95df867
099868fbc4c62176,ABD SDN Turgak,Housing,Construction,,,,APBN,Kementerian Pekerjaan Umum dan Perumahan Rakyat,,,,,unresolved,https://bim.pu.go.id/dd191611-20e3-48fc-904a-bd74944b0506,Kementerian PU (BIM),2026-09-18T11:47:07.526459,2026-09-18 07:19:43,2026-09-18 11:49:52,Cipta Karya,,,,https://bim.pu.go.id/dd191611-20e3-48fc-904a-bd74944b0506,dd191611-20e3-48fc-904a-bd74944b0506
3bcb07dc4fa69cac,ABD SMPN 1 Asera,Housing,Construction,,,,APBN,Kementerian Pekerjaan Umum dan Perumahan Rakyat,,,,,unresolved,https://bim.pu.go.id/6cafc322-adca-4cc4-bc95-a6d9f66e16d4,Kementerian PU (BIM),2026-09-18T11:47:07.526459,2026-09-18 07:19:43,2026-09-18 11:49:52,Cipta Karya,,,,https://bim.pu.go.id/6cafc322-adca-4cc4-bc95-a6d9f66e16d4,6cafc322-adca-4cc4-bc95-a6d9f66e16d4
79c19576f300cbcd,ABD SMPN 2 Satap Abuki,Housing,Construction,,,,APBN,Kementerian Pekerjaan Umum dan Perumahan Rakyat,,,,,unresolved,https://bim.pu.go.id/86f92c35-6af8-4d8f-af65-26770961655b,Kementerian PU (BIM),2026-09-18T11:47:07.526459,2026-09-18 07:19:43,2026-09-18 11:49:52,Cipta Karya,,,,https://bim.pu.go.id/86f92c35-6af8-4d8f-af65-26770961655b,86f92c35-6af8-4d8f-af65-26770961655b
bcb124ff204a6948,ABD SMPN 2 Toroh,Housing,Construction,,,,APBN,Kementerian Pekerjaan Umum dan Perumahan Rakyat,,,,,unresolved,https://bim.pu.go.id/6ac819c4-a032-42f8-ad73-54b6a4f9ba92,Kementerian PU (BIM),2026-09-18T11:47:07.526459,2026-09-18 07:19:43,2026-09-18 11:49:52,Cipta Karya,,,,https://bim.pu.go.id/6ac819c4-a032-42f8-ad73-54b6a4f9ba92,6ac819c4-a032-42f8-ad73-54b6a4f9ba92
37fdb68768c46a95,ABD Setu Patok,Water,Construction,,,,APBN,Kementerian Pekerjaan Umum dan Perumahan Rakyat,,,,,unresolved,https://bim.pu.go.id/0bdc1e5d-e857-4bc8-b938-647635e1c79f,Kementerian PU (BIM),2026-09-18T11:47:07.526459,2026-09-18 07:19:43,2026-09-18 11:49:52,Sumber Daya Air,,,,https://bim.pu.go.id/0bdc1e5d-e857-4bc8-b938-647635e1c79f,0bdc1e5d-e857-4bc8-b938-647635e1c79f
e20ad3711439864b,Embung Pakangkang,Water,Construction,,,,APBN,Kementerian Pekerjaan Umum dan Perumahan Rakyat,,,,,unresolved,https://bim.pu.go.id/c46ed02c-4b95-434c-b901-fb2a23ee3ff6,Kementerian PU (BIM),2026-09-18T11:47:07.526459,2026-09-18 07:19:43,2026-09-18 11:49:52,Sumber Daya Air,,,,https://bim.pu.go.id/c46ed02c-4b95-434c-b901-fb2a23ee3ff6,c46ed02c-4b95-434c-b901-fb2a23ee3ff6
a5a81300e2165a48,JEMBATAN MENYAWAI,Transport,Completed,,,,APBN,Kementerian Pekerjaan Umum dan Perumahan Rakyat,NULL,,,,unresolved,https://bim.pu.go.id/3ae0542a-4e6f-43ea-a7c1-b82c8ec8b0d7,Kementerian PU (BIM),2026-09-18T11:47:07.526459,2026-09-18 07:19:43,2026-09-18 11:49:52,Bina Marga,,2018,100.0,https://bim.pu.go.id/3ae0542a-4e6f-43ea-a7c1-b82c8ec8b0d7,3ae0542a-4e6f-43ea-a7c1-b82c8ec8b0d7
8aab456dd9758995,Jembatan Bajugan 8,Transport,Completed,,,,APBN,Kementerian Pekerjaan Umum dan Perumahan Rakyat,-,,,,unresolved,https://bim.pu.go.id/3602c460-e197-47e7-bdbe-c3e462103254,Kementerian PU (BIM),2026-09-18T11:47:07.526459,2026-09-18 07:19:43,2026-09-18 11:49:52,Bina Marga,-,2022,100.0,https://bim.pu.go.id/3602c460-e197-47e7-bdbe-c3e462103254,3602c460-e197-47e7-bdbe-c3e462103254
f622a8726c8499cc,Jembatan Bentang 20m 017 8+275,Transport,Completed,,,,APBN,Kementerian Pekerjaan Umum dan Perumahan Rakyat,,,,,unresolved,https://bim.pu.go.id/6e9cc8d2-0b63-4326-8672-ddbb7b8e4e34,Kementerian PU (BIM),2026-09-18T11:47:07.526459,2026-09-18 07:19:43,2026-09-18 11:49:52,Bina Marga,,2010,100.0,https://bim.pu.go.id/6e9cc8d2-0b63-4326-8672-ddbb7b8e4e34,6e9cc8d2-0b63-4326-8672-ddbb7b8e4e34
562531d594c7b65c,Jembatan Bentang 20m 24+900,Transport,Completed,,,,APBN,Kementerian Pekerjaan Umum dan Perumahan Rakyat,,,,,unresolved,https://bim.pu.go.id/c294de7d-1bb6-4ba3-9127-04ccf2881ae8,Kementerian PU (BIM),2026-09-18T11:47:07.526459,2026-09-18 07:19:43,2026-09-18 11:49:52,Bina Marga,,2010,100.0,https://bim.pu.go.id/c294de7d-1bb6-4ba3-9127-04ccf2881ae8,c294de7d-1bb6-4ba3-9127-04ccf2881ae8
be33f3a4b15bcb23,NON PSN Pengendali Banjir Sungai Bogowonto dan Anak Sungainya,Water,Construction,,,,APBN,Kementerian Pekerjaan Umum dan Perumahan Rakyat,,,,,unresolved,https://bim.pu.go.id/a53a2158-65fa-4d40-a208-d6396f236b42,Kementerian PU (BIM),2026-09-18T11:47:07.526459,2026-09-18 07:19:43,2026-09-18 11:49:52,Sumber Daya Air,,,,https://bim.pu.go.id/a53a2158-65fa-4d40-a208-d6396f236b42,a53a2158-65fa-4d40-a208-d6396f236b42
d3d4a0433c5a520c,NON PSN Peningkatan dan Rehabilitasi Jaringan Irigasi Peterongan Daerah Irigasi Mrican Paket 1,Water,Construction,,,,APBN,Kementerian Pekerjaan Umum dan Perumahan Rakyat,,,,,unresolved,https://bim.pu.go.id/62cd15ae-f741-43c6-9f7f-5ebab621676a,Kementerian PU (BIM),2026-09-18T11:47:07.526459,2026-09-18 07:19:43,2026-09-18 11:49:52,Sumber Daya Air,,,,https://bim.pu.go.id/62cd15ae-f741-43c6-9f7f-5ebab621676a,62cd15ae-f741-43c6-9f7f-5ebab621676a
2ec0a5cacb3e45e8,NON PSN Perbaikan dan Pelebaran jalan Soreang - Rancabali - Cidaun,Transport,Construction,,,,APBN,Kementerian Pekerjaan Umum dan Perumahan Rakyat,,,,,unresolved,https://bim.pu.go.id/f818a81c-14e6-444b-9a46-e99fa2a17530,Kementerian PU (BIM),2026-09-18T11:47:07.526459,2026-09-18 07:19:43,2026-09-18 11:49:52,Bina Marga,,,,https://bim.pu.go.id/f818a81c-14e6-444b-9a46-e99fa2a17530,f818a81c-14e6-444b-9a46-e99fa2a17530
c76f9a34221a601b,NON PSN Revitalization Of Banjarcahyana,Water,Construction,,,,APBN,Kementerian Pekerjaan Umum dan Perumahan Rakyat,,,,,unresolved,https://bim.pu.go.id/7b4dc852-6192-432f-8f4b-df4b00807262,Kementerian PU (BIM),2026-09-18T11:47:07.526459,2026-09-18 07:19:43,2026-09-18 11:49:52,Sumber Daya Air,,,,https://bim.pu.go.id/7b4dc852-6192-432f-8f4b-df4b00807262,7b4dc852-6192-432f-8f4b-df4b00807262
dc5bb2e84c063eb0,Non PSN BPB Rehabilitasi dan Rekonstruksi Rumah Sakit Undata Fase II-B,Housing,Construction,,,,APBN,Kementerian Pekerjaan Umum dan Perumahan Rakyat,,,,,unresolved,https://bim.pu.go.id/ef0b8d81-1f2c-4427-ae5e-2d299ea5d51e,Kementerian PU (BIM),2026-09-18T11:47:07.526459,2026-09-18 07:19:43,2026-09-18 11:49:52,Cipta Karya,,,,https://bim.pu.go.id/ef0b8d81-1f2c-4427-ae5e-2d299ea5d51e,ef0b8d81-1f2c-4427-ae5e-2d299ea5d51e
f67cfac8a1495583,Non PSN PKS Optimalisasi Peningkatan Kualitas Permukiman Kumuh Kawasan Tengah Kota Pariaman,Housing,Construction,,,,APBN,Kementerian Pekerjaan Umum dan Perumahan Rakyat,,,,,unresolved,https://bim.pu.go.id/aca38fb5-d986-4892-b8cd-23df071d7e99,Kementerian PU (BIM),2026-09-18T11:47:07.526459,2026-09-18 07:19:43,2026-09-18 11:49:52,Cipta Karya,,,,https://bim.pu.go.id/aca38fb5-d986-4892-b8cd-23df071d7e99,aca38fb5-d986-4892-b8cd-23df071d7e99
1faa3a43fee83342,Non PSN SAN Pembangunan TPST Sandubaya Kota Mataram,Housing,Construction,,,,APBN,Kementerian Pekerjaan Umum dan Perumahan Rakyat,,,,,unresolved,https://bim.pu.go.id/a488c167-ef3a-420a-b777-37fe149f245a,Kementerian PU (BIM),2026-09-18T11:47:07.526459,2026-09-18 07:19:43,2026-09-18 11:49:52,Cipta Karya,,,,https://bim.pu.go.id/a488c167-ef3a-420a-b777-37fe149f245a,a488c167-ef3a-420a-b777-37fe149f245a
80ef1ead4b3e203e,PSN Bendungan Pamukkulu Paket 1,Water,Construction,,,,APBN,Kementerian Pekerjaan Umum dan Perumahan Rakyat,,,,,unresolved,https://bim.pu.go.id/4a81388d-f8ca-42f1-9f1f-174800c30307,Kementerian PU (BIM),2026-09-18T11:47:07.526459,2026-09-18 07:19:43,2026-09-18 11:49:52,Sumber Daya Air,,,,https://bim.pu.go.id/4a81388d-f8ca-42f1-9f1f-174800c30307,4a81388d-f8ca-42f1-9f1f-174800c30307
30c3cfbe363c9dff,PSN PKS Penataan Kawasan Pantai Gelora,Water,Construction,,,,APBN,Kementerian Pekerjaan Umum dan Perumahan Rakyat,,,,,unresolved,https://bim.pu.go.id/efdcdfe7-d3d7-4ebb-b56d-b3bf9e4980d8,Kementerian PU (BIM),2026-09-18T11:47:07.526459,2026-09-18 07:19:43,2026-09-18 11:49:52,Cipta Karya,,,,https://bim.pu.go.id/efdcdfe7-d3d7-4ebb-b56d-b3bf9e4980d8,efdcdfe7-d3d7-4ebb-b56d-b3bf9e4980d8
94e2269d0a4098fd,PSN PS PEMBANGUNAN ASRAMA ATLET PANGALENGAN,Housing,Construction,,,,APBN,Kementerian Pekerjaan Umum dan Perumahan Rakyat,,,,,unresolved,https://bim.pu.go.id/b98a9faa-7705-400a-9ed7-06036afbd40f,Kementerian PU (BIM),2026-09-18T11:47:07.526459,2026-09-18 07:19:43,2026-09-18 11:49:52,Cipta Karya,,,,https://bim.pu.go.id/b98a9faa-7705-400a-9ed7-06036afbd40f,b98a9faa-7705-400a-9ed7-06036afbd40f
6bd2cde78f12000a,PSN Pembangunan dan Renovasi Venue Dayung dan Pacuan Kuda Dalam Rangka PON XXI,Housing,Construction,,,,APBN,Kementerian Pekerjaan Umum dan Perumahan Rakyat,,,,,unresolved,https://bim.pu.go.id/b0a7348d-bb80-4d1a-b976-04aaf13a24e4,Kementerian PU (BIM),2026-09-18T11:47:07.526459,2026-09-18 07:19:43,2026-09-18 11:49:52,Cipta Karya,,,,https://bim.pu.go.id/b0a7348d-bb80-4d1a-b976-04aaf13a24e4,b0a7348d-bb80-4d1a-b976-04aaf13a24e4
1dbabcdf94edf8c1,PSN Rehabilitasi Jaringan Irigasi Daerah Irigasi Rentang LMS 02,Water,Construction,,,,APBN,Kementerian Pekerjaan Umum dan Perumahan Rakyat,,,,,unresolved,https://bim.pu.go.id/09fd4ecb-06a6-46ee-8fea-64375f9fd9d5,Kementerian PU (BIM),2026-09-18T11:47:07.526459,2026-09-18 07:19:43,2026-09-18 11:49:52,Sumber Daya Air,,,,https://bim.pu.go.id/09fd4ecb-06a6-46ee-8fea-64375f9fd9d5,09fd4ecb-06a6-46ee-8fea-64375f9fd9d5
5b587d04457ea561,Pembangunan Jembatan Sungai Angkari,Water,Construction,,,,APBN,Kementerian Pekerjaan Umum dan Perumahan Rakyat,,,,,unresolved,https://bim.pu.go.id/a49aa7c2-9b8c-4d74-8df5-ff1498b42cfb,Kementerian PU (BIM),2026-09-18T11:47:07.526459,2026-09-18 07:19:43,2026-09-18 11:49:52,Bina Marga,,,,https://bim.pu.go.id/a49aa7c2-9b8c-4d74-8df5-ff1498b42cfb,a49aa7c2-9b8c-4d74-8df5-ff1498b42cfb
2de7297222db965c,Poyek Satelit Multifungsi,Transport,Unknown,,,BUMN Konstruksi / Swasta,APBN / KPBU,Kementerian / Lembaga Terkait,,,,,unresolved,https://kppip.go.id/proyek-strategis-nasional/teknologi/,KPPIP,2026-09-18T11:47:07.526459,2026-09-14 21:01:23,2026-09-18 11:49:21,,,,,,
2e5fcd826bbb2c54,SDN 3 Suwatu,Housing,Construction,,,,APBN,Kementerian Pekerjaan Umum dan Perumahan Rakyat,,,,,unresolved,https://bim.pu.go.id/e97db8f1-a316-4fba-98da-364e4de50166,Kementerian PU (BIM),2026-09-18T11:47:07.526459,2026-09-18 07:19:43,2026-09-18 11:49:52,Cipta Karya,,,,https://bim.pu.go.id/e97db8f1-a316-4fba-98da-364e4de50166,e97db8f1-a316-4fba-98da-364e4de50166
